{
    "name": "hacs/addons",
    "image": "ghcr.io/home-assistant/devcontainer:addons",
    "forwardPorts": [
        8123,
        4357
    ],
    "portsAttributes": {
        "4357": {
            "label": "Home Assistant Observer"
        },
        "8123": {
            "label": "Home Assistant UI"
        }
    },
    "postStartCommand": "bash script/setup",
    "remoteUser": "root",
    "containerEnv": {
        "WORKSPACE_DIRECTORY": "${containerWorkspaceFolder}"
    },
    "mounts": [
        {
            "source": "hacs-addon-dind-var-lib-docker",
            "target": "/var/lib/docker",
            "type": "volume"
        },
        {
            "source": "hacs-addon-supervisor-data",
            "target": "/supervisor_data",
            "type": "volume"
        }
    ],
    "customizations": {
        "vscode": {
            "extensions": [
                "timonwong.shellcheck",
                "esbenp.prettier-vscode"
            ],
            "settings": {
                "terminal.integrated.profiles.linux": {
                    "zsh": {
                        "path": "/usr/bin/zsh"
                    }
                },
                "terminal.integrated.defaultProfile.linux": "zsh",
                "editor.formatOnPaste": false,
                "editor.formatOnSave": true,
                "editor.formatOnType": true,
                "files.trimTrailingWhitespace": true
            }
        }
    },
    "features": {
        "ghcr.io/devcontainers/features/docker-in-docker:2": {}
    }
}