{
  "name": "hacs/integration",
  "image": "mcr.microsoft.com/devcontainers/python:1-3.12",
  "postCreateCommand": "scripts/setup",
  "forwardPorts": [
    8123
  ],
  "portsAttributes": {
    "8123": {
      "label": "Home Assistant"
    },
    "0-8122": {
      "label": "Auto-Forwarded - Other",
      "onAutoForward": "ignore"
    },
    "8124-999999": {
      "label": "Auto-Forwarded - Other",
      "onAutoForward": "ignore"
    }
  },
  "customizations": {
    "extensions": [
      "charliermarsh.ruff",
      "ms-python.python",
      "github.vscode-pull-request-github",
      "ryanluker.vscode-coverage-gutters",
      "ms-python.vscode-pylance",
      "GitHub.copilot"
    ],
    "vscode": {
      "settings": {
        "python.pythonPath": "/usr/local/bin/python",
        "python.formatting.provider": "ruff",
        "editor.formatOnPaste": false,
        "editor.formatOnSave": true,
        "editor.formatOnType": true,
        "editor.defaultFormatter": "charliermarsh.ruff",
        "editor.rulers": [
          100
        ],
        "editor.codeActionsOnSave": {
          "source.fixAll": "always",
          "source.organizeImports": "always"
        },
        "files.trimTrailingWhitespace": true
      },
      "extensions": [
        "GitHub.copilot",
        "github.vscode-pull-request-github",
        "ms-python.python",
        "ms-python.vscode-pylance",
        "ms-vscode.makefile-tools",
        "ryanluker.vscode-coverage-gutters"
      ]
    }
  },
  "remoteUser": "vscode",
  "features": {
    "ghcr.io/devcontainers/features/github-cli:1": {},
    "ghcr.io/devcontainers/features/rust:1": {}
  }
}